youtube_id,title,is_premium,serie_id,channel_name,channel_handle,language
Q94ANZRwMPE,"Fern es EL FUTURO 🧝‍♀️ | Frieren: Más allá del final del viaje",false,55,"Crunchyroll in Spanish",@CrunchyrollenEspañol,es
sqDlS0B4rEU,"Más allá de la locura l Re:ZERO (doblaje en español)",false,107,"Crunchyroll in Spanish",@CrunchyrollenEspañol,es
M683RQPpVDc,"¡Jinshi casi casi lo dice! 🫠 | Los diarios de la boticaria temporada 2",false,70,"Crunchyroll in Spanish",@CrunchyrollenEspañol,es
g05Ow0F0Mww,"Se suponía que solo serían tres dedos 😳✂️ | Gachiakuta",false,-1,"Crunchyroll in Spanish",@CrunchyrollenEspañol,es
aaInnZto8v0,"Un verdadero EGOÍSTA ⚽ | BLUE LOCK Temporada 2",false,53,"Crunchyroll in Spanish",@CrunchyrollenEspañol,es
OBwSvsbUTX0,"¡Ese gato sabe cosas! 🐈 | Mieruko-chan",false,112,"Crunchyroll in Spanish",@CrunchyrollenEspañol,es
7xuQMl-R6Rg,"El mayor egoísta | BLUELOCK (doblaje latino)",false,53,"Crunchyroll in Spanish",@CrunchyrollenEspañol,es
_HaQCClTgxI,"Papá y mamá se dan mimitos 👉👈 | SPY x FAMILY (Doblaje castellano)",false,43,"Crunchyroll in Spanish",@CrunchyrollenEspañol,es
hzcGhesobmY,"¡Ya que anden! 🧐 | Frieren: Más allá del final del viaje",false,55,"Crunchyroll in Spanish",@CrunchyrollenEspañol,es
6eCbB_OrbBw,"Vivan las NOVIAS 💍❤ | Me enamoré de la villana (Doblaje castellano)",false,49,"Crunchyroll in Spanish",@CrunchyrollenEspañol,es
BLEI7BZV6ug,"¿Amor de tres? 🙊 | Masamune-kun's Revenge R (doblaje latino)",false,21,"Crunchyroll in Spanish",@CrunchyrollenEspañol,es
wXjne7GjbN4,"Mikasa asciende a través de un infierno para llegar a Eren | Ataque a los Titanes Temporada Final",false,87,"Crunchyroll in Spanish",@CrunchyrollenEspañol,es
PBS1FvZVEyg,"¿Qué pasa después? ¡¿QUÉ PASA DESPUÉS?! 🦖 | Masamune-kun's Revenge R (doblaje latino)",false,21,"Crunchyroll in Spanish",@CrunchyrollenEspañol,es
NdtoJr7no_g,"¡Fútbol de otro nivel! ⚽🔥 | BLUELOCK (doblaje latino)",false,53,"Crunchyroll in Spanish",@CrunchyrollenEspañol,es
RNkpXdF0luM,"Bocchi enfrenta la batalla de comprar en persona 🛍️ | BOCCHI THE ROCK!",false,-1,"Crunchyroll in Spanish",@CrunchyrollenEspañol,es
Y3MbGkO79rQ,"¡¿M-Me gusta...Gojo?! | My Dress- Up Darling (doblaje en español)",false,75,"Crunchyroll in Spanish",@CrunchyrollenEspañol,es
r1usWyUWzrw,"El primer gol de Isagi ⚽🔥 | BLUELOCK (sub. español)",false,53,"Crunchyroll in Spanish",@CrunchyrollenEspañol,es
5Zra8ft999A,"El monstruo de Bachira sabe cosas ⚽🔥 | BLUE LOCK (Doblaje castellano)",false,53,"Crunchyroll in Spanish",@CrunchyrollenEspañol,es
ZHlnSNDpvQs,"Eres fuerte...pero no lo suficiente | Solo Leveling",false,2,"Crunchyroll in Spanish",@CrunchyrollenEspañol,es
KC1bJD0Fyzw,"Ganar o morir🔥⚔️ | Our Last Crusade or the Rise of a New World",false,-1,"Crunchyroll in Spanish",@CrunchyrollenEspañol,es
tpNVC1dsoZw,"Yor está adolorida 💥 | SPY x FAMILY Temporada 2 (Doblaje castellano)",false,43,"Crunchyroll in Spanish",@CrunchyrollenEspañol,es
ngGFSlLlUPY,"Así nació la masoquista de la temporada ✨ | Me enamoré de la villana (Doblaje castellano)",false,49,"Crunchyroll in Spanish",@CrunchyrollenEspañol,es
cfR68nvHJ4I,"Reacciones químicas que sí me aprendo 🔥⚽| BLUELOCK (Doblaje latino)",false,53,"Crunchyroll in Spanish",@CrunchyrollenEspañol,es
71fXB8kD0uw,"Esto es facilito para JINWOO 🔥 | Solo Leveling (Doblaje castellano)",false,2,"Crunchyroll in Spanish",@CrunchyrollenEspañol,es
l1uLmfI70ks,"¡Los sentimientos de Subaru impiden la boda de Emilia! 💍 |[Re:ZERO -Starting Life in Another World-]",false,107,"Crunchyroll in Spanish",@CrunchyrollenEspañol,es
OKUstQwDdk0,"A las tomboy se les reza 🛐 | Me enamoré de la villana (Doblaje castellano)",false,49,"Crunchyroll in Spanish",@CrunchyrollenEspañol,es
xti-nG7mNWU,"¿Bailas conmigo? | The Quintessential Quintuplets (doblaje latino)",false,127,"Crunchyroll in Spanish",@CrunchyrollenEspañol,es
X1zcYsHFueM,"¡Así sí se antoja un platito de verduras! 😌 | BLUELOCK (doblaje latino)",false,53,"Crunchyroll in Spanish",@CrunchyrollenEspañol,es
aPBp3a9OALc,"¡Dar a luz SÍ da superfuerza! 🙀 | Uzaki-chan Wants to Hang Out! (doblaje latino)",false,44,"Crunchyroll in Spanish",@CrunchyrollenEspañol,es
-xUUQ8Dwl0A,"La máquina expendedora te ayuda a ligar | Reborn as a Vending Machine, I Now Wander the Dungeon",false,32,"Crunchyroll in Spanish",@CrunchyrollenEspañol,es
hvvtU4RIQbo,"¡TÚ LA MATASTE! l Re:ZERO EN ESPAÑOL",false,107,"Crunchyroll in Spanish",@CrunchyrollenEspañol,es
E7a1kJs7Xzc,"Dos mujeres, un camino 🎶 | Masamune-kun's Revenge R (doblaje latino)",false,21,"Crunchyroll in Spanish",@CrunchyrollenEspañol,es
GW3xSNF1YJo,"Que hombre tan salvaje, tan luchón...eso me prende  | Why Raeliana Ended Up at the Duke's Mansion",false,41,"Crunchyroll in Spanish",@CrunchyrollenEspañol,es
DJiPLNfGVl8,"La villana se preocupa por mí 😍 | Me enamoré de la villana (doblaje latino)",false,49,"Crunchyroll in Spanish",@CrunchyrollenEspañol,es
jnwPstPI7mQ,"Déjame pintarte como a una de mis chicas francesas | Masamune kun's Revenge R",false,21,"Crunchyroll in Spanish",@CrunchyrollenEspañol,es
hi0sFG8j16s,"Fitz al rescate 😭 | Mushoku Tensei: Jobless Reincarnation Temporada 2 (doblaje latino)",false,73,"Crunchyroll in Spanish",@CrunchyrollenEspañol,es
MKMmC-BzlJQ,"El auténtico ""yo quisiese"" 🥺 | My Tiny Senpai (doblaje latino)",false,128,"Crunchyroll in Spanish",@CrunchyrollenEspañol,es
Q7I_dYQRTRQ,"Amiga, ¿los otakus viven así? 👀 | My Dress- Up Darling (Doblaje castellano)",false,75,"Crunchyroll in Spanish",@CrunchyrollenEspañol,es
-lX_bm2VrTQ,"Ese es el mundo de los bellos y no puedo estar ahí | I Got a Cheat Skill in Another World (latino)",false,65,"Crunchyroll in Spanish",@CrunchyrollenEspañol,es
7f6lLxyBf9c,"Una pequeña recompensa | My Dress -Up Darling (doblaje en español)",false,75,"Crunchyroll in Spanish",@CrunchyrollenEspañol,es
0NDFRYRfIuE,"El legado de Flamme 🧡 | Frieren: Tras finalizar el viaje (Doblaje castellano)",false,55,"Crunchyroll in Spanish",@CrunchyrollenEspañol,es
gKM2AlKTUk0,"Mi precioso 🪙 | Saving 80,000 Gold in Another World for my Retirement",false,-1,"Crunchyroll in Spanish",@CrunchyrollenEspañol,es
_mmadhx06sA,"¿Nos bañamos juntos? | TONIKAWA: Over The Moon For You 2",false,30,"Crunchyroll in Spanish",@CrunchyrollenEspañol,es
hZJd1oyZudg,"¡¿Yor está enamorada?! | SPY x FAMILY (Doblaje castellano)",false,43,"Crunchyroll in Spanish",@CrunchyrollenEspañol,es
I9nulH-5T3M,"¿Me estás retando? 💪 | MASHLE: MAGIC AND MUSCLES Temporada 2 (Doblaje castellano)",false,86,"Crunchyroll in Spanish",@CrunchyrollenEspañol,es
2y7M3aewyZE,"¡Qué caloooor, qué calor que tengo yo! | TONIKAWA: Over The Moon For You 2",false,30,"Crunchyroll in Spanish",@CrunchyrollenEspañol,es
k84iWqh9kYQ,"El sacrificio de Raphtalia 😭 | The Rising of the Shield Hero (Doblaje castellano)",false,37,"Crunchyroll in Spanish",@CrunchyrollenEspañol,es
ADVuFovcwBI,"Aquí apreciamos a las tsunderes ❤ | Me enamoré de la villana (Doblaje castellano)",false,49,"Crunchyroll in Spanish",@CrunchyrollenEspañol,es
b1X28zmbVN4,"Mi ropa terminará en el suelo |  My Dress- Up Darling (doblaje en español)",false,75,"Crunchyroll in Spanish",@CrunchyrollenEspañol,es
aGfl1CmWx8g,"Aliméntame 🙊 | Masamune-kun's Revenge R (doblaje latino)",false,21,"Crunchyroll in Spanish",@CrunchyrollenEspañol,es
-NwIHvJRu-8,"Si reencarnaras en un monstruo, ¿qué forma elegirías? 🍃 | That Time I Got Reincarnated as a Slime",false,14,"Crunchyroll in Spanish",@CrunchyrollenEspañol,es
vIWDTnWZJQg,"Señores, tuve ese sueño otra vez | In Another World With My Smartphone Season 2 (doblaje latino)",false,50,"Crunchyroll in Spanish",@CrunchyrollenEspañol,es
ji0YYwtO9k0,"Primera y última vez en el gym 🤣 | Uzaki-chan Wants to Hang Out! Season 2",false,44,"Crunchyroll in Spanish",@CrunchyrollenEspañol,es
80VjldcM-bw,"""Dime, ¿tú eres lesbiana?"" | Me enamoré de la villana (Doblaje castellano)",false,49,"Crunchyroll in Spanish",@CrunchyrollenEspañol,es
mjxdk41T-oc,"¡En la cima de la cadena alimenticia! 😎 | Rent-A-Girlfriend (doblaje latino)",false,1,"Crunchyroll in Spanish",@CrunchyrollenEspañol,es
SVA4imNOw0Q,"Parece una PESADILLA 👀 | Solo Leveling (Doblaje castellano)",false,2,"Crunchyroll in Spanish",@CrunchyrollenEspañol,es
G1tjVj7LAw4,"De hecho 🤓☝ los videojuegos pueden ser útiles | Dr.  STONE NEW WORLD (Doblaje castellano)",false,67,"Crunchyroll in Spanish",@CrunchyrollenEspañol,es
zrEV-pi7aQ0,"¿MOB TIENE NOVIA? | Mob Psycho 100 II (Doblaje castellano)",false,13,"Crunchyroll in Spanish",@CrunchyrollenEspañol,es
PdfTYaqTpxg,"La pesadilla del primer día de clases | Skip and Loafer (doblaje latino)",false,-1,"Crunchyroll in Spanish",@CrunchyrollenEspañol,es
yYksGSSNG-Y,"¡Mamá Yor al rescate! 💥 | SPY x FAMILY (Doblaje castellano)",false,43,"Crunchyroll in Spanish",@CrunchyrollenEspañol,es
RKEWCTMb8Bc,"Soy una persona sencilla, veo a Chizuru en la portada y doy click 😌 | Rent-a-Girlfriend Temporada 3",false,1,"Crunchyroll in Spanish",@CrunchyrollenEspañol,es
-W1oGzXOBzY,"Puedo actuar como una hermana mayor | My Tiny Senpai (doblaje latino)",false,128,"Crunchyroll in Spanish",@CrunchyrollenEspañol,es
i75fLLVzYa0,"Cuidadito con Kobeni 🔪 | Chainsaw Man (Doblaje castellano)",false,58,"Crunchyroll in Spanish",@CrunchyrollenEspañol,es
aZ8AG6fHMgA,"Este es el RENACER 🔥⚽ | BLUE LOCK (Doblaje castellano)",false,53,"Crunchyroll in Spanish",@CrunchyrollenEspañol,es
4bcrNWB6Buk,"¡CACHETADAS DE TELENOVELA! 🔥 | Masamune-kun's Revenge R (doblaje latino)",false,21,"Crunchyroll in Spanish",@CrunchyrollenEspañol,es
VWN22NZ304o,"Y que no me digan en la esquina...¡el venao, el venao! | Rent-a-Girlfriend Temporada 3",false,1,"Crunchyroll in Spanish",@CrunchyrollenEspañol,es
LeGyhTW2304,"El sacrificio de Himeno | Chainsaw Man (Doblaje castellano)",false,58,"Crunchyroll in Spanish",@CrunchyrollenEspañol,es
uexbWf6dpNw,"Anya gana 😏🎉 | SPY x FAMILY Temporada 2 (Doblaje castellano)",false,43,"Crunchyroll in Spanish",@CrunchyrollenEspañol,es
8kvsfw0cVQ4,"¡Tuya, mía, te la presto... ACARÍCIALA! | TONIKAWA: Over The Moon For You Season 2 (doblaje latino)",false,30,"Crunchyroll in Spanish",@CrunchyrollenEspañol,es
E7w2J1aM4aI,"¡Ella no está para cursilerías! | Masamune-kun's Revenge R (doblaje latino)",false,21,"Crunchyroll in Spanish",@CrunchyrollenEspañol,es
J0W1znH9G2E,"Merece ser protegida a toda costa 🥺 | Hell's Paradise: Jigokuraku (Doblaje castellano)",false,61,"Crunchyroll in Spanish",@CrunchyrollenEspañol,es
NtgqaZ5Ej_4,"Lo que tú sientes se llama obsesión 🎶 | The Quintessential Quintuplets (doblaje latino)",false,127,"Crunchyroll in Spanish",@CrunchyrollenEspañol,es
NStlgipzCpY,"¿Un besito?😳  | Dr.  STONE NEW WORLD (Doblaje castellano)",false,67,"Crunchyroll in Spanish",@CrunchyrollenEspañol,es
gAzUys5ylkM,"Mucho gusto, soy Marin | My Dress-Up Darling (doblaje en español)",false,75,"Crunchyroll in Spanish",@CrunchyrollenEspañol,es
JmhLcclAOdc,"La elegancia y habilidad de Cha Hae-in 🧢✨ | Solo Leveling (Doblaje castellano)",false,2,"Crunchyroll in Spanish",@CrunchyrollenEspañol,es
i66mFtRF_Oc,"Yor Envíos Express | SPY x FAMILY (Doblaje castellano)",false,43,"Crunchyroll in Spanish",@CrunchyrollenEspañol,es
N4TpY5cBSJw,"¿Atraparon a Yoshino? 😱 | Masamune-kun's Revenge R (doblaje latino)",false,21,"Crunchyroll in Spanish",@CrunchyrollenEspañol,es
LzNt9lKozgk,"Y así surgió el amor ❤ | My Dress- Up Darling (Doblaje castellano)",false,75,"Crunchyroll in Spanish",@CrunchyrollenEspañol,es
HliFL9lV5bQ,"Fantasmas del pasado 💔 | Frieren: Tras finalizar el viaje (Doblaje castellano)",false,55,"Crunchyroll in Spanish",@CrunchyrollenEspañol,es
zWtThxfX_iU,"¡AY NO, ME MIMÍ! | SPY x FAMILY (doblaje latino)",false,43,"Crunchyroll in Spanish",@CrunchyrollenEspañol,es
n1j9Gt3Cwv0,"¡No permitas que los colágenos se te acerquen! | Uzaki-chan Wants to Hang Out! (doblaje latino)",false,44,"Crunchyroll in Spanish",@CrunchyrollenEspañol,es
cuH2pAXSLHc,"""Qué ojos redondos más bonitos"" 🤣 | SPY x FAMILY Temporada 2 (Doblaje castellano)",false,43,"Crunchyroll in Spanish",@CrunchyrollenEspañol,es
iKtAFs8N3I8,"El anime es pura MAGIA ❤ | Frieren: Tras finalizar el viaje (Doblaje castellano)",false,55,"Crunchyroll in Spanish",@CrunchyrollenEspañol,es
nUjp2Usp2wU,"Este anime te hará llorar 😢 | Frieren: Tras finalizar el viaje (Doblaje castellano)",false,55,"Crunchyroll in Spanish",@CrunchyrollenEspañol,es
UMuUs8JPbqI,"¿Es la legendaria PLAYERA DEL NOVIO? 😱👕 | More than a Married Couple, but Not Lovers.",false,45,"Crunchyroll in Spanish",@CrunchyrollenEspañol,es
3XUKmqUDEZc,"Una promesa de 50 años | Frieren: Más allá del final del viaje (doblaje latino)",false,55,"Crunchyroll in Spanish",@CrunchyrollenEspañol,es
8EOuQXEF9HQ,"¡Mini le sabe a las celebraciones! | Rent-a-Girlfriend Temporada 3",false,1,"Crunchyroll in Spanish",@CrunchyrollenEspañol,es
Az-SxxsDkxg,"¿Muy boba para ser villana?| My Next Life as a Villainess: All Routes Lead to Doom! (doblaje latino)",false,-1,"Crunchyroll in Spanish",@CrunchyrollenEspañol,es
UrGNcDC7aSQ,"Deja que Makima te enseñe... | Chainsaw Man (Doblaje castellano)",false,58,"Crunchyroll in Spanish",@CrunchyrollenEspañol,es
znqhC7mFcLE,"Golpe de calor | My Dress- Up Darling (doblaje en español)",false,75,"Crunchyroll in Spanish",@CrunchyrollenEspañol,es
aRanlPxlir4,"Nobara contra Momo | JUJUTSU KAISEN (doblaje castellano)",false,76,"Crunchyroll in Spanish",@CrunchyrollenEspañol,es
dWms0IgRseQ,"¡A eso le llamo ganar con el elemento sorpresa! | My Tiny Senpai (doblaje latino)",false,128,"Crunchyroll in Spanish",@CrunchyrollenEspañol,es
6ZINMy5Gft8,"Déjame capturo esta humillación 🎥 | Don't Toy With Me, Miss Nagatoro 2nd Attack (doblaje latino)",false,3,"Crunchyroll in Spanish",@CrunchyrollenEspañol,es
rCId0X6wDwk,"Los increíbles poderes de Mob | Mob Psycho 100 (doblaje castellano)",false,13,"Crunchyroll in Spanish",@CrunchyrollenEspañol,es
NgiqCpiUIoo,"A falta de termómetro... 🙊 | Don't Toy With Me, Miss Nagatoro 2nd Attack (doblaje latino)",false,3,"Crunchyroll in Spanish",@CrunchyrollenEspañol,es
qrTEgCkn584,"Esta vez no lo perdonaré | JUJUTSU KAISEN (Doblaje castellano)",false,76,"Crunchyroll in Spanish",@CrunchyrollenEspañol,es
F-gmHHNIAQE,"Hoy en su telenovela favorita... | Why Raeliana Ended Up at the Duke's Mansion (doblaje latino)",false,41,"Crunchyroll in Spanish",@CrunchyrollenEspañol,es
LAo7Q3nnYZQ,"¡No vayas a chocar con el techo, Jirafales! | Haikyu!! (doblaje latino)",false,54,"Crunchyroll in Spanish",@CrunchyrollenEspañol,es
NtgqaZ5Ej_4,"Lo que tú sientes se llama obsesión 🎶 | The Quintessential Quintuplets (doblaje latino)",false,127,"Crunchyroll in Spanish",@CrunchyrollenEspañol,es
vHA-LrSEa78,"¡¿Yor es la MEJOR mamá del mundo?! | SPY x FAMILY (doblaje latino)",false,43,"Crunchyroll in Spanish",@CrunchyrollenEspañol,es
bpQX-BSOXk0,"El origen del meme | Dragon Ball Z (doblaje latino)",false,108,"Crunchyroll in Spanish",@CrunchyrollenEspañol,es
djrYjEwBexI,"¡Él ya no puede vivir sin mí! | Uzaki-chan Wants to Hang Out! (doblaje latino)",false,44,"Crunchyroll in Spanish",@CrunchyrollenEspañol,es
UfWG8HwG0GM,"Doy clases de clarividencia los jueves, no cobro mucho | Chainsaw Man (doblaje latino)",false,58,"Crunchyroll in Spanish",@CrunchyrollenEspañol,es
vwfcveeI9Dk,"La hora de ultratumba | Noragami (doblaje en español)",false,-1,"Crunchyroll in Spanish",@CrunchyrollenEspañol,es
lbJw0WvoBsc,"El Senpai ahora quiere ser héroe | CLASSROOM FOR HEROES (doblaje latino)",false,-1,"Crunchyroll in Spanish",@CrunchyrollenEspañol,es
FvfXE4XUHvw,"¡Cuidado senpai, aquí antojan! | Don't Toy With Me, Miss Nagatoro 2nd Attack (doblaje latino)",false,3,"Crunchyroll in Spanish",@CrunchyrollenEspañol,es
_0dfw978fCA,"¡Así se escucha Haikyu en latino! | Haikyu!! (doblaje latino)",false,54,"Crunchyroll in Spanish",@CrunchyrollenEspañol,es
XLRT0XjYxEQ,"¡Huele a peligro! 🤠 | Rent-A-Girlfriend Temporada 2 (doblaje latino)",false,1,"Crunchyroll in Spanish",@CrunchyrollenEspañol,es
DI17cNLLFSY,"¿Dónde consigo una amiga así? 😱😱 | Rent-a-Girlfriend Temporada 3 (doblaje latino)",false,1,"Crunchyroll in Spanish",@CrunchyrollenEspañol,es
8_qoInzAOvc,"Toma nota del Demonio Ángel 📝 | Chainsaw Man (Doblaje castellano)",false,58,"Crunchyroll in Spanish",@CrunchyrollenEspañol,es
7EquyWgWito,"Confesión de amor de Ram l Re:ZERO 2 (doblaje en español)",false,107,"Crunchyroll in Spanish",@CrunchyrollenEspañol,es
BYxF0FJmmA8,"Así empieza todo | JUJUTSU KAISEN (Doblaje en castellano)",false,76,"Crunchyroll in Spanish",@CrunchyrollenEspañol,es
zFdeXeij7SI,"No tienes que ocultar tu cicatriz | Hell's Paradise (doblaje latino)",false,61,"Crunchyroll in Spanish",@CrunchyrollenEspañol,es
-2Kbr8r0Pc0,"Mi corazón es delicado...🎶 | Love of Kill (doblaje en español)",false,4,"Crunchyroll in Spanish",@CrunchyrollenEspañol,es
N-i5U24rmXw,"¡TRÁGAME, TIERRA! 😩 | More than a Married Couple, but Not Lovers. (doblaje latino)",false,45,"Crunchyroll in Spanish",@CrunchyrollenEspañol,es
BBrYBqNpNDg,"Siempre te he amado | Tokyo Revengers (doblaje en español)",false,18,"Crunchyroll in Spanish",@CrunchyrollenEspañol,es
tGND8g1lXpw,"¡Ya siéntese señor! 👴 | Uzaki-chan Wants to Hang Out! Season 2 (doblaje latino)",false,44,"Crunchyroll in Spanish",@CrunchyrollenEspañol,es
C0ExSpySgA4,"Yo también he utilizado esa técnica 😴 | More than a Married Couple, but Not Lovers. (doblaje latino)",false,45,"Crunchyroll in Spanish",@CrunchyrollenEspañol,es
_rPVGvLiHLI,"¿Por qué no se sienta, señor Ainz? 😏| Overlord IV (doblaje en español)",false,111,"Crunchyroll in Spanish",@CrunchyrollenEspañol,es
tOP9fUl0Alc,"¿Publicidad descarada? 🤠 | Rent-a-Girlfriend - Temporada 2 (doblaje latino)",false,1,"Crunchyroll in Spanish",@CrunchyrollenEspañol,es
B95_m0OetoQ,"La bruja del fuego infernal | The Case Study of Vanitas (doblaje en español)",false,68,"Crunchyroll in Spanish",@CrunchyrollenEspañol,es
FNS1coahELE,"¿Soy una chica linda? | Mob Psycho 100 (sub. español)",false,13,"Crunchyroll in Spanish",@CrunchyrollenEspañol,es
rJgxG0ra9LU,"Podrás tener mi cuerpo pero jamás mi corazón | KONOSUBA (doblaje en español)",false,113,"Crunchyroll in Spanish",@CrunchyrollenEspañol,es
LLBTfz0gJKQ,"Yor está catastrofrizando | SPY x FAMILY (doblaje latino)",false,43,"Crunchyroll in Spanish",@CrunchyrollenEspañol,es
h8EigCCqJm4,"Que te rajo, Denji | Chainsaw Man (Doblaje castellano)",false,58,"Crunchyroll in Spanish",@CrunchyrollenEspañol,es
Bc_R3tKiobQ,"Q-Quiero que me abraces | TONIKAWA (doblaje en español)",false,30,"Crunchyroll in Spanish",@CrunchyrollenEspañol,es
-j7fE1ZoHCo,"Yor y Yuri | SPY x FAMILY (doblaje en español)",false,43,"Crunchyroll in Spanish",@CrunchyrollenEspañol,es
D72gNInlNHk,"Vaya... comenzó a llover. 😭 | To Your Eternity Temporada 2 (doblaje latino)",false,7,"Crunchyroll in Spanish",@CrunchyrollenEspañol,es
yyHZmih850Y,"¡Tenemos una SEXTA hermana! | The Quintessential Quintuplets (doblaje latino)",false,127,"Crunchyroll in Spanish",@CrunchyrollenEspañol,es
593vF1Jz4X4,"Terapia de pareja | Kaguya-Sama: Love Is War -Ultra Romantic- (doblaje en español)",false,29,"Crunchyroll in Spanish",@CrunchyrollenEspañol,es
_TOXKF_Zd9o,"Tuve ese sueño otra vez 🥺 | More than a Married Couple, but Not Lovers. (doblaje latino)",false,45,"Crunchyroll in Spanish",@CrunchyrollenEspañol,es
TB30ilE57Dw,"¿Aceptas besos como pago? | The Quintessential Quintuplets (doblaje latino)",false,127,"Crunchyroll in Spanish",@CrunchyrollenEspañol,es
YHST1QB_qVI,"¡¿Qué se le paró qué?! 😳 | DON'T TOY WITH ME, MISS NAGATORO 2nd Attack (doblaje)",false,3,"Crunchyroll in Spanish",@CrunchyrollenEspañol,es
MXyKMMa-8M4,"¿Te convertirás en mi mascota? | Chainsaw Man (doblaje latino)",false,58,"Crunchyroll in Spanish",@CrunchyrollenEspañol,es
NEs-ndhROAg,"Con permiso | Love After World Domination (doblaje en español)",false,-1,"Crunchyroll in Spanish",@CrunchyrollenEspañol,es
ymUzyi9207A,"¡Desnúdate! | TONIKAWA (doblaje en español)",false,30,"Crunchyroll in Spanish",@CrunchyrollenEspañol,es
71h6KLOTGYk,"Flojito y cooperando | Science Fell in Love, So I Tried to Prove It r=1-sinθ (doblaje en español)",false,-1,"Crunchyroll in Spanish",@CrunchyrollenEspañol,es
6ZINMy5Gft8,"Déjame capturo esta humillación 🎥 | Don't Toy With Me, Miss Nagatoro 2nd Attack (doblaje latino)",false,3,"Crunchyroll in Spanish",@CrunchyrollenEspañol,es
vLRkfYVWfMo,"Eres un cochino | TONIKAWA (doblaje en español)",false,30,"Crunchyroll in Spanish",@CrunchyrollenEspañol,es
a2uDFjtW6v0,"Tú y yo viendo Crunchyroll, no sé, piénsalo 😏 | Rent-a-Girlfriend  Temporada 2 (doblaje en español)",false,1,"Crunchyroll in Spanish",@CrunchyrollenEspañol,es
E0FmyNSeGkA,"💖GODSumi💖 | Rent-a-Girlfriend Temporada 3",false,1,"Crunchyroll in Spanish",@CrunchyrollenEspañol,es
pNRP0z8IwHQ,"Declaración de Guerra | Attack on Titan (doblaje en español)",false,87,"Crunchyroll in Spanish",@CrunchyrollenEspañol,es
A-iHLrmG10A,"Gojo vs Sukuna | JUJUTSU KAISEN (Doblaje en castellano)",false,76,"Crunchyroll in Spanish",@CrunchyrollenEspañol,es
hSZ0gyLYbAs,"En ese momento, Kazuya sintió el verdadero terror | Rent-a-Girlfriend - Temporada 2 (doblaje latino)",false,1,"Crunchyroll in Spanish",@CrunchyrollenEspañol,es
GsjI7vXUEmU,"Batalla entre el bien y el mal | The Rising of the Shield Hero (doblaje en español)",false,37,"Crunchyroll in Spanish",@CrunchyrollenEspañol,es
p3WxkloVHw8,"¡¿Por qué me estoy riendo de esto?! 😂 | Life Lessons with Uramichi Oniisan (doblaje latino)",false,-1,"Crunchyroll in Spanish",@CrunchyrollenEspañol,es
vf4smoPQfMw,"Gokú siendo Gokú | Dragon Ball DAIMA",false,105,"Crunchyroll in Spanish",@CrunchyrollenEspañol,es
bI92UOiQybo,"¿Dónde está el báculo sagrado? | Dragon Ball DAIMA",false,105,"Crunchyroll in Spanish",@CrunchyrollenEspañol,es
vjIPKRmh3Tc,"Ni los cuartos de final me tienen tan tenso | BLUE LOCK Temporada 2",false,53,"Crunchyroll in Spanish",@CrunchyrollenEspañol,es
ulIUup3n7g4,"¡Dragon Ball DAIMA en ESPAÑOL!",false,105,"Crunchyroll in Spanish",@CrunchyrollenEspañol,es
wTmTN31DQ6g,"Shinra vs Burns | Fire Force",false,94,"Crunchyroll in Spanish",@CrunchyrollenEspañol,es
Uwy5k_6cE6o,"Garfiel vs Kurgan | Re:ZERO -Starting Life in Another World-",false,107,"Crunchyroll in Spanish",@CrunchyrollenEspañol,es
azpZKw7-Cgw,"Condenado a la zona de AMIGOS | Gorilla God's Go To Girl",false,123,"Crunchyroll in Spanish",@CrunchyrollenEspañol,es
mKg3cJEpQ6o,"¡Mash se aventó los prohibidos! | MASHLE: MAGIC AND MUSCLES",false,86,"Crunchyroll in Spanish",@CrunchyrollenEspañol,es
DUmIWo5TBi4,"¡Comienza la guerra por el maíz! | Dr. STONE SCIENCE FUTURE",false,67,"Crunchyroll in Spanish",@CrunchyrollenEspañol,es
rNsOEHHkCDo,"Jinwoo vs Cerberus | Solo Leveling",false,2,"Crunchyroll in Spanish",@CrunchyrollenEspañol,es
wvDyE_aOS8E,"¡¿D-D-D DE VERDAD LE CORTÓ EL BRAZO? | The Brilliant Healer's New Life in the Shadows",false,122,"Crunchyroll in Spanish",@CrunchyrollenEspañol,es
g-PNlvE8aDs,"¡BESO TRIPLE! | The 100 Girlfriends Who Really REALLY Love You",false,56,"Crunchyroll in Spanish",@CrunchyrollenEspañol,es
dJCW9qAT1tY,"Ayyyy que ternura, él solo quiere que le den la manito | My Hero Academia: Vigilantes",false,88,"Crunchyroll in Spanish",@CrunchyrollenEspañol,es
IJ045IFNWOo,"Morir de amor... literalmente | The 100 Girlfriends Who Really, Really, Really, REALLY Love You",false,56,"Crunchyroll in Spanish",@CrunchyrollenEspañol,es
vmiCrTcy7S4,"Las prioridades de Death the Kid son diferentes | Soul Eater",false,110,"Crunchyroll in Spanish",@CrunchyrollenEspañol,es
qzRTLjmfCac,"Dale 10 segundos a Senku y se arma un chaleco antibalas | Dr. STONE",false,67,"Crunchyroll in Spanish",@CrunchyrollenEspañol,es
ae-l3rqGyEw,"Peleas épicas de anime presenta: Belle VS Kir | Bye Bye, Earth",false,16,"Crunchyroll in Spanish",@CrunchyrollenEspañol,es
D9bbfDvUg-k,"Del más débil al más fuerte | Solo Leveling",false,2,"Crunchyroll in Spanish",@CrunchyrollenEspañol,es
OTEvVTDUAZg,"¿Maomao encontrará algún plato con veneno? | Los diarios de la boticaria",false,70,"Crunchyroll in Spanish",@CrunchyrollenEspañol,es
jxsHJv-WJy8,"Mashiron confiesa sus sentimientos a Awayuki | VTuber Legend",false,118,"Crunchyroll in Spanish",@CrunchyrollenEspañol,es
GmnZraLksIw,"Mejor sigue las reglas del Calabozo o... | That Time I Got Reincarnated as a Slime",false,14,"Crunchyroll in Spanish",@CrunchyrollenEspañol,es
tFuA5fMeFKw,"Psyger-0 se pone celosa de Sunraku | Shangri-La Frontier",false,66,"Crunchyroll in Spanish",@CrunchyrollenEspañol,es
ChbZ39VeBIk,"Kafka lucha contra la barrera de los 30 | Kaiju No. 8",false,109,"Crunchyroll in Spanish",@CrunchyrollenEspañol,es
Qwn7RpA_Vcg,"¿El atuendo de Alya lo hizo sentirse mejor? | Alya Sometimes Hides Her Feelings in Russian",false,17,"Crunchyroll in Spanish",@CrunchyrollenEspañol,es
y6LPDQoONq4,"¡Priscilla contra las demibestias! | Re:ZERO -Starting Life in Another World-",false,107,"Crunchyroll in Spanish",@CrunchyrollenEspañol,es
ZIQ9qwM8wd4,"De patito feo a cisne hermoso | True Beauty",false,115,"Crunchyroll in Spanish",@CrunchyrollenEspañol,es
l1uLmfI70ks,"¡Los sentimientos de Subaru impiden la boda de Emilia! |[Re:ZERO -Starting Life in Another World-]",false,107,"Crunchyroll in Spanish",@CrunchyrollenEspañol,es
QvNcviHdXVA,"¡Haruto acaba con la bestia de un solo golpe! | Seirei Gensouki: Spirit Chronicles",false,116,"Crunchyroll in Spanish",@CrunchyrollenEspañol,es
oNFi4K-RAXs,"¡Nada puede detener a Mob! | Mob Psycho 100",false,13,"Crunchyroll in Spanish",@CrunchyrollenEspañol,es
xmqwhf2Jm1E,"¡Este anime en serio intenta asustarte! | Mieruko-chan",false,112,"Crunchyroll in Spanish",@CrunchyrollenEspañol,es
cWF_IUhDROM,"¡Ains se enfrenta a Aganeia! | Overlord",false,111,"Crunchyroll in Spanish",@CrunchyrollenEspañol,es
xorTb1dUlZw,"Bell VS Kir | Bye Bye Earth",false,16,"Crunchyroll in Spanish",@CrunchyrollenEspañol,es
hzQvKKMuo6A,"Sunraku VS Wezermon | Shangri-La Frontier",false,66,"Crunchyroll in Spanish",@CrunchyrollenEspañol,es
cOdlTi2Ge34,"Iruma hace una invocación (casi) perfecta | Welcome to Demon School! Iruma-kun",false,117,"Crunchyroll in Spanish",@CrunchyrollenEspañol,es
WnTVs173pXA,"El momento en el que Kafka casi muere | Kaiju No. 8",false,109,"Crunchyroll in Spanish",@CrunchyrollenEspañol,es
BysaqZbfXE8,"Sunraku vs Serpiente venenosa | Shangri-La Frontier",false,66,"Crunchyroll in Spanish",@CrunchyrollenEspañol,es
4rpb3ppF_-4,"Kazuma y su grupo vs la hydra | KONOSUBA -God's blessing on this wonderful world!",false,113,"Crunchyroll in Spanish",@CrunchyrollenEspañol,es
1jIsOeUSG48,"No trabajes duro, trabaja inteligente | A Journey Through Another World",false,114,"Crunchyroll in Spanish",@CrunchyrollenEspañol,es
znuNFJWAoBs,"Adonis vs Tiz | Bye Bye, Earth",false,16,"Crunchyroll in Spanish",@CrunchyrollenEspañol,es
90JlU63SusU,"Garfiel vs Elsa | Re: ZERO Starting Life in Another World",false,107,"Crunchyroll in Spanish",@CrunchyrollenEspañol,es
OJeUyg1ejqw,"¡Kamehameha padre e hijo! | Dragon Ball Z",false,108,"Crunchyroll in Spanish",@CrunchyrollenEspañol,es
6_8g9s0J42o,"Me atrapaste, es cine | Mob Psycho 100",false,13,"Crunchyroll in Spanish",@CrunchyrollenEspañol,es
WOLOhK7llRE,"MA-MAMÁ, ¿qué hiciste? | VTuber Legend",false,118,"Crunchyroll in Spanish",@CrunchyrollenEspañol,es
idZ629kO7RU,"Cuando te hacen un cumplido que no esperabas | Alya Sometimes Hides Her Feelings in Russian",false,17,"Crunchyroll in Spanish",@CrunchyrollenEspañol,es
xOYYc7ILazU,"Reno e Iharu en sincronía vs. Kaiju No. 9 | Kaiju No. 8",false,109,"Crunchyroll in Spanish",@CrunchyrollenEspañol,es
CM2NLQynrUE,"¡Así se ve el poder de la amistad! | Shangri-La Frontier",false,66,"Crunchyroll in Spanish",@CrunchyrollenEspañol,es
Nlz0JS9y0NY,"¿Qué le dan de comer a los niños de hoy en día? | A Journey Through Another World",false,114,"Crunchyroll in Spanish",@CrunchyrollenEspañol,es
3iE89JxWDPo,"¡Era rechazarlo, no papearlo! | Alya Sometimes Hides Her Feelings in Russian",false,17,"Crunchyroll in Spanish",@CrunchyrollenEspañol,es
cTsMylsTCWA,"¡Siempre vivirás en nuestros corazones, Rengoku! | Demon Slayer: Kimetsu no Yaiba",false,97,"Crunchyroll in Spanish",@CrunchyrollenEspañol,es
iKqfHgcCqew,"¿Es acaso esto a lo que llaman ""el poder del amor""? | That Time I Got Reincarnated as a Slime",false,14,"Crunchyroll in Spanish",@CrunchyrollenEspañol,es
5T9CrE78Xo4,"¡Tanjiro arriesga su vida por este chismecito! | Demon Slayer -Arco del entrenamiento de los Pilares",false,97,"Crunchyroll in Spanish",@CrunchyrollenEspañol,es
xW8kvEcEVQA,"Mi compa casi no la contaba | Demon Slayer: Kimetsu no Yaiba - Arco del entrenamiento de los Pilares",false,97,"Crunchyroll in Spanish",@CrunchyrollenEspañol,es
8MTm6SWhjMA,"Solo puedo decir: ¡Duren! | A Sign of Affection",false,77,"Crunchyroll in Spanish",@CrunchyrollenEspañol,es
VlRmK1QnbK8,"¡Te quiero mucho, Tokito! |Demon Slayer: Kimetsu no Yaiba - Arco del entrenamiento de los Pilares",false,97,"Crunchyroll in Spanish",@CrunchyrollenEspañol,es
vDA3xF1-HDc,"Tus golpes eran más pesados | WIND BREAKER",false,119,"Crunchyroll in Spanish",@CrunchyrollenEspañol,es
hLAds_qME3c,"¡VIVAN LOS NOVIOS! | Demon Slayer: Kimetsu no Yaiba - Arco del entrenamiento de los Pilares",false,97,"Crunchyroll in Spanish",@CrunchyrollenEspañol,es
hHyMRs6ygrE,"Eso estuvo mejor que el Komodo 3000 | Metallic Rouge",false,35,"Crunchyroll in Spanish",@CrunchyrollenEspañol,es
OQ-S0SYxOGI,"¡TODOS necesitamos una Shinobu en nuestras vidas! | Demon Slayer: Kimetsu no Yaiba",false,97,"Crunchyroll in Spanish",@CrunchyrollenEspañol,es
bUx60jqnTY0,"¡Matemáticas hijo! | TONIKAWA: Over the Moon For You",false,30,"Crunchyroll in Spanish",@CrunchyrollenEspañol,es
8x4yZVWH7BI,"¡Es hora d-d-d-d-d-d del duelo! Esperen.. esa es otra serie. | Gods' Games We Play",false,15,"Crunchyroll in Spanish",@CrunchyrollenEspañol,es
1Eln18waYlY,"Seguridad: al 100% , Resultados: No fueron los esperados | TSUKIMICHI -Moonlit Fantasy-",false,120,"Crunchyroll in Spanish",@CrunchyrollenEspañol,es
nPyyJ9WEjAg,"Cuando tu hogar es alguien especial | The Ancient Magu's Bride",false,24,"Crunchyroll in Spanish",@CrunchyrollenEspañol,es
0NI5OLB_Ofo,"El momento en el que Isagi aprendió a usar su potencial al | BLUE LOCK",false,53,"Crunchyroll in Spanish",@CrunchyrollenEspañol,es
xnGWqVGbGcg,"¡Por momentos como este es que pago mi internet! | BLUE LOCK",false,53,"Crunchyroll in Spanish",@CrunchyrollenEspañol,es
eoJ455z56is,"Oye Kafka, ¿por qué te sonrojas? | Kaiju No. 8",false,109,"Crunchyroll in Spanish",@CrunchyrollenEspañol,es
ZaIAihDR_X0,"Goku Se Transforma en SSJ Por Primera Vez | Dragon Ball Z",false,108,"Crunchyroll in Spanish",@CrunchyrollenEspañol,es
DEz3K0jg7t4,"Kafka: ¿Por qué me persigue la desgracia? | Kaiju No. 8",false,109,"Crunchyroll in Spanish",@CrunchyrollenEspañol,es
5vQvVL8qu4c,"Esto NUNCA se había visto en un anime | Kaiju No. 8",false,109,"Crunchyroll in Spanish",@CrunchyrollenEspañol,es
Zk5Xz1dR6bY,"Aquí Sung Jinwoo demuestra quien es el más papu de los papus | Solo Leveling",false,2,"Crunchyroll in Spanish",@CrunchyrollenEspañol,es
retM8jqWv9s,"¿Eres un osito cariñosito? | Re:Monster",false,121,"Crunchyroll in Spanish",@CrunchyrollenEspañol,es
_9icVTBIq_c,"Mi estomaguito no pudo con esta escena | Kaiju No. 8",false,109,"Crunchyroll in Spanish",@CrunchyrollenEspañol,es
AVZCnnTY8k4,"Estos celos me hacen daño, me enloqueceeeen | Los diarios de la boticaria",false,70,"Crunchyroll in Spanish",@CrunchyrollenEspañol,es
Qk4oJYO-fvs,"¡Jinshi, cámate po favo! | Los diarios de la boticaria",false,70,"Crunchyroll in Spanish",@CrunchyrollenEspañol,es
WO_kfpZJ3fc,"Hasta le acomodó la muela de tremendo cachetadón | Los diarios de la boticaria",false,70,"Crunchyroll in Spanish",@CrunchyrollenEspañol,es
8wdbIdoac20,"Los convirtió en HUMO | WIND BREAKER | WIND BREAKER",false,119,"Crunchyroll in Spanish",@CrunchyrollenEspañol,es
8MTm6SWhjMA,"¡Este momento en español me encantó! | A Sign of Affection",false,77,"Crunchyroll in Spanish",@CrunchyrollenEspañol,es
Vzyw9z9F57M,"La presa se convierte en cazador | Solo Leveling",false,2,"Crunchyroll in Spanish",@CrunchyrollenEspañol,es
8Dv_XQoapR0,"¿Y este lavadero? | The Wrong Way to Use Healing Magic",false,124,"Crunchyroll in Spanish",@CrunchyrollenEspañol,es
HaqNR5EkEE4,"Metal Rouge vs Viola El Purgatorio | Metallic Rouge",false,35,"Crunchyroll in Spanish",@CrunchyrollenEspañol,es
IPhBxF71-oc,"Yor es muy fuerte | SPY x FAMILY",false,43,"Crunchyroll in Spanish",@CrunchyrollenEspañol,es
wKjwJMGDQDQ,"¡No veas Laid-Back Camp con hambre! | Laid-Back Camp",false,125,"Crunchyroll in Spanish",@CrunchyrollenEspañol,es
IjAC01KQRS8,"SAPOtamadre | KONOSUBA -God's blessing on this wonderful world!",false,113,"Crunchyroll in Spanish",@CrunchyrollenEspañol,es
Qt7YzH5DrUU,"¿Hace calor, o es mi impresión? | The Quintessential Quintuplets",false,127,"Crunchyroll in Spanish",@CrunchyrollenEspañol,es
N8A56r7t7uU,"Yo también quiero tener ese sueño navideño don pool | My Tiny Senpai",false,128,"Crunchyroll in Spanish",@CrunchyrollenEspañol,es
_IRs8pM9IeU,"Con amigos así para que quieres enemigos | Uzaki-chan Wants to Hang Out!",false,44,"Crunchyroll in Spanish",@CrunchyrollenEspañol,es
j1-6bsi5K6o,"Mi hechizo | Frieren: Más allá del final del viaje",false,55,"Crunchyroll in Spanish",@CrunchyrollenEspañol,es
aIFWMH0dhbA,"Ama, no me quiero levantar | Frieren: Más allá del final del viaje",false,55,"Crunchyroll in Spanish",@CrunchyrollenEspañol,es
K8XwKilGTg0,"Nosotros en verdad existimos! | Frieren: Más allá del final del viaje",false,55,"Crunchyroll in Spanish",@CrunchyrollenEspañol,es
AM83Bm_UVd8,"¡No sabía que Anya podía convertirse en Super Saiyayin! | SPY x FAMILY",false,43,"Crunchyroll in Spanish",@CrunchyrollenEspañol,es
OFjTpVJ47Ms,"¿Que quieres chihuahita? | SPY x FAMILY",false,43,"Crunchyroll in Spanish",@CrunchyrollenEspañol,es
sMMRWL0XG5E,"Cumpliste tu promesa...aún después de la muerte | Frieren: Más allá del final del viaje",false,55,"Crunchyroll in Spanish",@CrunchyrollenEspañol,es
zP5D8_cJFuQ,"Patitas para que las quiero | Frieren: Más allá del final del viaje",false,55,"Crunchyroll in Spanish",@CrunchyrollenEspañol,es
Ml8gDcqsIts,"A esto lo llamo...¡amor! | Me enamoré de la villana",false,49,"Crunchyroll in Spanish",@CrunchyrollenEspañol,es
wDWOKITcRzg,"El último adiós | Frieren: Más allá del final del viaje",false,55,"Crunchyroll in Spanish",@CrunchyrollenEspañol,es